<?xml version="1.0" encoding="UTF-8"?>
<beans xmlns="http://www.springframework.org/schema/beans"
	xmlns:xsi="http://www.w3.org/2001/XMLSchema-instance" 
	xsi:schemaLocation="
			http://www.springframework.org/schema/beans http://www.springframework.org/schema/beans/spring-beans-3.0.xsd">

	<bean name="sessions" class="org.mokai.web.admin.jogger.controllers.Sessions">
		<property name="adminPasswordStore" ref="adminPasswordStore" />
	</bean>
	<bean name="admin" class="org.mokai.web.admin.jogger.controllers.Administration">
		<property name="adminPasswordStore" ref="adminPasswordStore" />
	</bean>
	<bean name="dashboard" class="org.mokai.web.admin.jogger.controllers.Dashboard">
		<property name="routingEngine" ref="routingEngine" />
	</bean>
	<bean name="connections" class="org.mokai.web.admin.jogger.controllers.Connections">
		<property name="routingEngine" ref="routingEngine" />
	</bean>
	<bean name="applications" class="org.mokai.web.admin.jogger.controllers.Applications">
		<property name="routingEngine" ref="routingEngine" />
	</bean>
	<bean name="messages" class="org.mokai.web.admin.jogger.controllers.Messages">
		<property name="routingEngine" ref="routingEngine" />
	</bean>
	<bean name="jmx" class="org.mokai.web.admin.jogger.controllers.Jmx"></bean>
	
	<bean name="securityInterceptor" class="org.mokai.web.admin.jogger.interceptors.SecurityInterceptor">
		<property name="adminPasswordStore" ref="adminPasswordStore" />
	</bean>
	
	
</beans>