<?xml version="1.0" encoding="UTF-8"?>
<beans xmlns="http://www.springframework.org/schema/beans"
	xmlns:xsi="http://www.w3.org/2001/XMLSchema-instance" 
	xsi:schemaLocation="http://www.springframework.org/schema/beans 
			http://www.springframework.org/schema/beans/spring-beans-3.0.xsd">

	<bean id="dataSource" class="org.apache.commons.dbcp.BasicDataSource" destroy-method="close">
    	<property name="driverClassName" value="com.mysql.jdbc.Driver"/>
    	<property name="url" value="jdbc:mysql://localhost:3306/mokai?useUnicode=true&amp;characterEncoding=UTF-8&amp;autoReconnect=true"/>
    	<property name="username" value="root"/>
    	<property name="password" value="elibom"/>  
	</bean>
	
	<bean id="sqlEngine" class="org.mokai.persist.jdbc.sms.MySqlEngine" init-method="init">
		<property name="dataSource"><ref bean="dataSource" /></property>
		<property name="schema" value="mokai" />
	</bean>
	
	<bean id="messageStore" class="org.mokai.persist.jdbc.JdbcMessageStore" depends-on="sqlEngine">
		<property name="dataSource"><ref bean="dataSource" /></property>
		<property name="messageHandler"><ref bean="smsHandler" /></property>
	</bean>
	
	<bean id="smsHandler" class="org.mokai.persist.jdbc.OutboundInboundHandler">
		<property name="outboundHandler">
			<bean class="org.mokai.persist.jdbc.sms.ConnectionsSmsHandler">
				<property name="sqlEngine"><ref bean="sqlEngine" /></property>
			</bean>
		</property>
		<property name="inboundHandler">
			<bean class="org.mokai.persist.jdbc.sms.ApplicationsSmsHandler">
				<property name="sqlEngine"><ref bean="sqlEngine" /></property>
			</bean>
		</property>
	</bean>
		
</beans>