<?xml version="1.0" encoding="UTF-8"?>
<beans xmlns="http://www.springframework.org/schema/beans"
	xmlns:xsi="http://www.w3.org/2001/XMLSchema-instance" 
	xsi:schemaLocation="http://www.springframework.org/schema/beans 
			http://www.springframework.org/schema/beans/spring-beans-3.0.xsd">

	<bean id="dataSource" class="org.apache.commons.dbcp.BasicDataSource" destroy-method="close">
    	<property name="driverClassName" value="org.apache.derby.jdbc.EmbeddedDriver"/>
    	<property name="url" value="jdbc:derby:data/derby/messages;create=true"/>
    	<property name="username" value=""/>
    	<property name="password" value=""/> 
	</bean>
	
	<bean id="sqlEngine" class="org.mokai.persist.jdbc.sms.DerbyEngine" init-method="init">
		<property name="dataSource"><ref bean="dataSource" /></property>
	</bean>
	
	<bean id="messageStore" class="org.mokai.persist.jdbc.JdbcMessageStore" depends-on="sqlEngine">
		<property name="dataSource"><ref bean="dataSource" /></property>
		<property name="messageHandler"><ref bean="smsHandler" /></property>
	</bean>
	
	<bean id="smsHandler" class="org.mokai.persist.jdbc.OutboundInboundHandler">
		<property name="outboundHandler">
			<bean class="org.mokai.persist.jdbc.sms.ConnectionsSmsHandler">
				<property name="sqlEngine"><ref bean="sqlEngine" /></property>
			</bean>
		</property>
		<property name="inboundHandler">
			<bean class="org.mokai.persist.jdbc.sms.ApplicationsSmsHandler">
				<property name="sqlEngine"><ref bean="sqlEngine" /></property>
			</bean>
		</property>
	</bean>
		
</beans>