<?xml version="1.0" encoding="UTF-8"?>
<beans xmlns="http://www.springframework.org/schema/beans"
	xmlns:xsi="http://www.w3.org/2001/XMLSchema-instance" 
	xmlns:camel="http://camel.apache.org/schema/spring"
	xmlns:context="http://www.springframework.org/schema/context"
	xsi:schemaLocation="
			http://www.springframework.org/schema/beans http://www.springframework.org/schema/beans/spring-beans-3.0.xsd
			http://camel.apache.org/schema/spring http://camel.apache.org/schema/spring/camel-spring.xsd
			http://www.springframework.org/schema/context http://www.springframework.org/schema/context/spring-context.xsd">
			
	<bean name="adminPasswordStore" class="org.mokai.web.admin.DefaultAdminPasswordStore"></bean>
	
	<bean name="webSocketsBroadcaster" class="org.mokai.web.admin.websockets.AtmosphereBroadcaster" />
	<bean name="webSocketsListener" class="org.mokai.web.admin.websockets.WebSocketsConnectorServiceChangeListener">
		<property name="broadcaster" ref="webSocketsBroadcaster" />
	</bean>
	<bean name="webSocketsServer" class="org.mokai.web.admin.websockets.NettosphereServer" init-method="start" 
			destroy-method="stop">
		<property name="port" value="8585" />
		<property name="atmosphereHandler"><bean class="org.mokai.web.admin.websockets.MokaiAtmosphereHandler" /></property>
	</bean>
	
	<bean name="webSocketsChangeMonitor" class="org.mokai.web.admin.websockets.WebSocketsChangeMonitor" init-method="start" 
			destroy-method="stop" depends-on="webSocketsServer">
		<property name="routingEngine" ref="routingEngine" />
		<property name="connectorServiceChangeListener" ref="webSocketsListener" />
		<property name="broadcaster" ref="webSocketsBroadcaster" />
	</bean>

	<bean name="webServer" class="org.eclipse.jetty.server.Server"
		init-method="start" destroy-method="stop">
		<property name="connectors"> 
			<list>
				<bean name="connector-1"
					class="org.eclipse.jetty.server.nio.SelectChannelConnector">
					<property name="host" value="0.0.0.0" />
					<property name="port" value="8383" />
				</bean>
			</list>
		</property>
		<property name="handler">
			<bean id="handlers" class="org.eclipse.jetty.server.handler.HandlerList">
				<property name="handlers">
					<list>
						<bean class="org.eclipse.jetty.servlet.ServletContextHandler">
							<property name="contextPath" value="/" />
							<property name="resourceBase" value="#{new org.springframework.core.io.ClassPathResource('webapp').getURI().toString()}" />
							<property name="sessionHandler">
								<bean class="org.eclipse.jetty.server.session.SessionHandler" />
							</property>
							<property name="servletHandler">
								<bean class="org.eclipse.jetty.servlet.ServletHandler">
									<property name="servlets">
										<list>
											<bean class="org.eclipse.jetty.servlet.ServletHolder">
												<property name="name" value="MonitoringServlet" />
												<property name="servlet">
													<bean class="org.mokai.web.admin.servlet.MonitoringServlet" />
												</property>
											</bean>
											<bean class="org.eclipse.jetty.servlet.ServletHolder">
												<property name="name" value="JoggerServlet" />
												<property name="servlet">
													<bean class="org.mokai.web.admin.jogger.MokaiJoggerServlet" />
												</property>
												<property name="initParameters">
													<map>
														<entry key="interceptorsClass" value="org.mokai.web.admin.jogger.interceptors.AppInterceptors" />
													</map>
												</property>
											</bean>
											<bean class="org.eclipse.jetty.servlet.ServletHolder">
												<property name="name" value="default" />
												<property name="servlet">
													<bean class="org.eclipse.jetty.servlet.DefaultServlet" />
												</property>
											</bean>
										</list>
									</property>
									<property name="servletMappings">
										<list>
											<bean class="org.eclipse.jetty.servlet.ServletMapping">
												<property name="pathSpecs">
													<list>
														<value>/monitoring</value>
													</list>
												</property>
												<property name="servletName" value="MonitoringServlet" />
											</bean>
											<bean class="org.eclipse.jetty.servlet.ServletMapping">
												<property name="pathSpecs">
													<list>
														<value>/*</value>
													</list>
												</property>
												<property name="servletName" value="JoggerServlet" />
											</bean>
										</list>
									</property>
									
								</bean>
							</property>
						</bean>
					</list>
				</property>
			</bean>
		</property>
	</bean>
	
</beans>